city,nb_events,temp_moy,temp_min,temp_max
Paris,105,10.553333333333331,10.3,10.7
Lyon,63,9.887301587301582,9.6,10.2
